Workbook

Sheet RegresjaLogistycznaObliczenia1
A1: NoQ | B1: Users | C1: delta_Users | D1: Users_prim
A2: 1 | B2: 100 | C2: =AVERAGE(C3:C39) -> 54.837838 | D2: =C2/B2 -> 0.54837838
A3: 2 | B3: 148.5 | C3: =B3-B2 -> 48.5 | D3: =C3/B3 -> 0.32659933
A4: 3 | B4: 197 | C4: =B4-B3 -> 48.5 | D4: =C4/B4 -> 0.24619289
A5: 4 | B5: 242 | C5: =B5-B4 -> 45 | D5: =C5/B5 -> 0.18595041
A6: 5 | B6: 305 | C6: =B6-B5 -> 63 | D6: =C6/B6 -> 0.20655738
A7: 6 | B7: 360 | C7: =B7-B6 -> 55 | D7: =C7/B7 -> 0.15277778
A8: 7 | B8: 431 | C8: =B8-B7 -> 71 | D8: =C8/B8 -> 0.16473318
A9: 8 | B9: 482 | C9: =B9-B8 -> 51 | D9: =C9/B9 -> 0.10580913
A10: 9 | B10: 550 | C10: =B10-B9 -> 68 | D10: =C10/B10 -> 0.12363636
A11: 10 | B11: 608 | C11: =B11-B10 -> 58 | D11: =C11/B11 -> 0.095394737
A12: 11 | B12: 680 | C12: =B12-B11 -> 72 | D12: =C12/B12 -> 0.10588235
A13: 12 | B13: 739 | C13: =B13-B12 -> 59 | D13: =C13/B13 -> 0.079837618
A14: 13 | B14: 800 | C14: =B14-B13 -> 61 | D14: =C14/B14 -> 0.07625
... A39: 38 | B39: 2129 | C39: =B39-B38 -> 57 | D39: =C39/B39 -> 0.026773133

Sheet RegresjaLogistycznaObliczenia2
A1: n= | B1: =RegresjaLogistycznaObliczenia1!A30 -> 29
A2: beta0= | B2: 0.227756 | D2: <- obliczone z gretl
A3: beta1= | B3: -0.000126728 | D3: <- obliczone z gretl
A5: a= | B5: =B2 -> 0.227756
A6: k= | B6: =-B5/B3 -> 1797.2035
A15: a*sum(NoQ)= | B15: =RegresjaLogistycznaObliczenia2!B5*SUM(RegresjaLogistycznaObliczenia1!A2:A30) -> 99.07386
A17: ln_b= | B17: =(RegresjaLogistycznaObliczenia3!B31+B15)/RegresjaLogistycznaObliczenia2!B1 -> 3.5797744
A18: b= | B18: =EXP(B17) -> 35.86545

Sheet RegresjaLogistycznaObliczenia3
A1: (k/Users)-1 | B1: ln[(k/Users)-1]
A2: =(RegresjaLogistycznaObliczenia2!$B$6/RegresjaLogistycznaObliczenia1!B2)-1 -> 16.972035 | B2: =LN(A2) -> 2.831567
A3: =(RegresjaLogistycznaObliczenia2!$B$6/RegresjaLogistycznaObliczenia1!B3)-1 -> 11.10238 | B3: =LN(A3) -> 2.4071595
A4: =(RegresjaLogistycznaObliczenia2!$B$6/RegresjaLogistycznaObliczenia1!B4)-1 -> 8.1228602 | B4: =LN(A4) -> 2.0946823
A5: =(RegresjaLogistycznaObliczenia2!$B$6/RegresjaLogistycznaObliczenia1!B5)-1 -> 6.4264606 | B5: =LN(A5) -> 1.8604239
A6: =(RegresjaLogistycznaObliczenia2!$B$6/RegresjaLogistycznaObliczenia1!B6)-1 -> 4.8924704 | B6: =LN(A6) -> 1.5876974
A7: =(RegresjaLogistycznaObliczenia2!$B$6/RegresjaLogistycznaObliczenia1!B7)-1 -> 3.9922318 | B7: =LN(A7) -> 1.3843504
A8: =(RegresjaLogistycznaObliczenia2!$B$6/RegresjaLogistycznaObliczenia1!B8)-1 -> 3.1698456 | B8: =LN(A8) -> 1.1536829
A9: =(RegresjaLogistycznaObliczenia2!$B$6/RegresjaLogistycznaObliczenia1!B9)-1 -> 2.7286379 | B9: =LN(A9) -> 1.0038025
A10: =(RegresjaLogistycznaObliczenia2!$B$6/RegresjaLogistycznaObliczenia1!B10)-1 -> 2.2676427 | B10: =LN(A10) -> 0.81874081
A11: =(RegresjaLogistycznaObliczenia2!$B$6/RegresjaLogistycznaObliczenia1!B11)-1 -> 1.9559267 | B11: =LN(A11) -> 0.67086412
A12: =(RegresjaLogistycznaObliczenia2!$B$6/RegresjaLogistycznaObliczenia1!B12)-1 -> 1.6429463 | B12: =LN(A12) -> 0.49649113
A13: =(RegresjaLogistycznaObliczenia2!$B$6/RegresjaLogistycznaObliczenia1!B13)-1 -> 1.4319397 | B13: =LN(A13) -> 0.35902998
... A30: =(RegresjaLogistycznaObliczenia2!$B$6/RegresjaLogistycznaObliczenia1!B30)-1 -> 0.16323849 | B30: =LN(A30) -> -1.812543
A31: SUMA= | B31: =SUM(B2:B30) -> 4.7395987
