Workbook

Sheet RegresjaLogistyczna1
A1: Nr_miesiaca | B1: Liczba_bledow | C1: Suma_licz_bled | D1: delta_Suma_licz_bled | E1: Suma_licz_bled_prim
A2: 1 | B2: 1 | C2: =SUM($B$2) -> 1 | D2: =C2 -> 1 | E2: =D2/C2 -> 1
A3: 2 | B3: 0 | C3: =SUM($B$2:B3) -> 1 | D3: =C3-C2 -> 0 | E3: =D3/C3 -> 0
A4: 3 | B4: 0 | C4: =SUM($B$2:B4) -> 1 | D4: =C4-C3 -> 0 | E4: =D4/C4 -> 0
A5: 4 | B5: 0 | C5: =SUM($B$2:B5) -> 1 | D5: =C5-C4 -> 0 | E5: =D5/C5 -> 0
A6: 5 | B6: 0 | C6: =SUM($B$2:B6) -> 1 | D6: =C6-C5 -> 0 | E6: =D6/C6 -> 0
A7: 6 | B7: 0 | C7: =SUM($B$2:B7) -> 1 | D7: =C7-C6 -> 0 | E7: =D7/C7 -> 0
A8: 7 | B8: 0 | C8: =SUM($B$2:B8) -> 1 | D8: =C8-C7 -> 0 | E8: =D8/C8 -> 0
A9: 8 | B9: 0 | C9: =SUM($B$2:B9) -> 1 | D9: =C9-C8 -> 0 | E9: =D9/C9 -> 0
A10: 9 | B10: 0 | C10: =SUM($B$2:B10) -> 1 | D10: =C10-C9 -> 0 | E10: =D10/C10 -> 0
A11: 10 | B11: 0 | C11: =SUM($B$2:B11) -> 1 | D11: =C11-C10 -> 0 | E11: =D11/C11 -> 0
A12: 11 | B12: 0 | C12: =SUM($B$2:B12) -> 1 | D12: =C12-C11 -> 0 | E12: =D12/C12 -> 0
A13: 12 | B13: 0 | C13: =SUM($B$2:B13) -> 1 | D13: =C13-C12 -> 0 | E13: =D13/C13 -> 0
A14: 13 | B14: 0 | C14: =SUM($B$2:B14) -> 1 | D14: =C14-C13 -> 0 | E14: =D14/C14 -> 0
... A94: 93 | B94: 0 | C94: =SUM($B$2:B94) -> 264 | D94: =C94-C93 -> 0 | E94: =D94/C94 -> 0

Sheet RegresjaLogistyczna2
A1: n= | B1: =RegresjaLogistyczna1!A94 -> 93
A2: beta0= | B2: 0.0884677
A3: beta1= | B3: -0.000328479
A5: a= | B5: =B2 -> 0.0884677
A6: k= | B6: =-B5/B3 -> 269.32528
A11: a*sum(t)= | B11: =RegresjaLogistyczna2!B5*SUM(RegresjaLogistyczna1!A2:A94) -> 386.69232
A13: ln_b= | B13: =(RegresjaLogistyczna3!B95+B11)/RegresjaLogistyczna2!B1 -> 5.458887
A14: b= | B14: =EXP(B13) -> 234.83591

Sheet RegresjaLogistyczna3
A1: (k/Suma_licz_bled)-1 | B1: ln[(k/Suma_licz_bled)-1]
A2: =(RegresjaLogistyczna2!$B$6/RegresjaLogistyczna1!C2)-1 -> 268.32528 | B2: =LN(A2) -> 5.5922
A3: =(RegresjaLogistyczna2!$B$6/RegresjaLogistyczna1!C3)-1 -> 268.32528 | B3: =LN(A3) -> 5.5922
A4: =(RegresjaLogistyczna2!$B$6/RegresjaLogistyczna1!C4)-1 -> 268.32528 | B4: =LN(A4) -> 5.5922
A5: =(RegresjaLogistyczna2!$B$6/RegresjaLogistyczna1!C5)-1 -> 268.32528 | B5: =LN(A5) -> 5.5922
A6: =(RegresjaLogistyczna2!$B$6/RegresjaLogistyczna1!C6)-1 -> 268.32528 | B6: =LN(A6) -> 5.5922
A7: =(RegresjaLogistyczna2!$B$6/RegresjaLogistyczna1!C7)-1 -> 268.32528 | B7: =LN(A7) -> 5.5922
A8: =(RegresjaLogistyczna2!$B$6/RegresjaLogistyczna1!C8)-1 -> 268.32528 | B8: =LN(A8) -> 5.5922
A9: =(RegresjaLogistyczna2!$B$6/RegresjaLogistyczna1!C9)-1 -> 268.32528 | B9: =LN(A9) -> 5.5922
A10: =(RegresjaLogistyczna2!$B$6/RegresjaLogistyczna1!C10)-1 -> 268.32528 | B10: =LN(A10) -> 5.5922
A11: =(RegresjaLogistyczna2!$B$6/RegresjaLogistyczna1!C11)-1 -> 268.32528 | B11: =LN(A11) -> 5.5922
A12: =(RegresjaLogistyczna2!$B$6/RegresjaLogistyczna1!C12)-1 -> 268.32528 | B12: =LN(A12) -> 5.5922
A13: =(RegresjaLogistyczna2!$B$6/RegresjaLogistyczna1!C13)-1 -> 268.32528 | B13: =LN(A13) -> 5.5922
... A94: =(RegresjaLogistyczna2!$B$6/RegresjaLogistyczna1!C94)-1 -> 0.020171531 | B94: =LN(A94) -> -3.903483
A95: SUMA= | B95: =SUM(B2:B94) -> 120.98417
