Workbook

Sheet Pelne
A1: Rok_studiow | B1: Stan_cywilny | C1: Stan_cywilny_kod
A2: 1 | B2: W | C2: =IF(B2="W ",0,1) -> 0
A3: 2 | B3: W | C3: =IF(B3="W ",0,1) -> 0
A4: 5 | B4: M | C4: =IF(B4="W ",0,1) -> 1
A5: 1 | B5: W | C5: =IF(B5="W ",0,1) -> 0
A6: 4 | B6: M | C6: =IF(B6="W ",0,1) -> 1
A7: 3 | B7: W | C7: =IF(B7="W ",0,1) -> 0
A8: 2 | B8: M | C8: =IF(B8="W ",0,1) -> 1
A9: 1 | B9: W | C9: =IF(B9="W ",0,1) -> 0
A10: 5 | B10: M | C10: =IF(B10="W ",0,1) -> 1
A11: 2 | B11: W | C11: =IF(B11="W ",0,1) -> 0
A12: 3 | B12: M | C12: =IF(B12="W ",0,1) -> 1
A13: 4 | B13: M | C13: =IF(B13="W ",0,1) -> 1
... A29: 1 | B29: W | C29: =IF(B29="W ",0,1) -> 0

Sheet Tylko_dane
A1: Rok_studiow | B1: Stan_cywilny_kod
A2: 1 | B2: 0
A3: 2 | B3: 0
A4: 5 | B4: 1
A5: 1 | B5: 0
A6: 4 | B6: 1
A7: 3 | B7: 0
A8: 2 | B8: 1
A9: 1 | B9: 0
A10: 5 | B10: 1
A11: 2 | B11: 0
A12: 3 | B12: 1
A13: 4 | B13: 1
... A29: 1 | B29: 0

Sheet Obliczenia
A1: Lp. t | B1: Rok studiów xt | C1: Liczba osób ot | D1: Liczba osób będących w związku małżeńskim mt | E1: Częstość empiryczna pt=mt/ot | F1: pt/(1-pt) | G1: Lt=ln(pt/(1-pt))
A2: 1 | B2: 1 | C2: =COUNTIF(Tylko_dane!A$2:A$29,B2) -> 6 | D2: =COUNTIFS(Tylko_dane!A$2:A$29,B2,Tylko_dane!B$2:B$29,1) -> 1 | E2: =D2/C2 -> 0.16666667 | F2: =E2/(1-E2) -> 0.2 | G2: =LN(F2) -> -1.6094379
A3: 2 | B3: 2 | C3: =COUNTIF(Tylko_dane!A$2:A$29,B3) -> 6 | D3: =COUNTIFS(Tylko_dane!A$2:A$29,B3,Tylko_dane!B$2:B$29,1) -> 1 | E3: =D3/C3 -> 0.16666667 | F3: =E3/(1-E3) -> 0.2 | G3: =LN(F3) -> -1.6094379
A4: 3 | B4: 3 | C4: =COUNTIF(Tylko_dane!A$2:A$29,B4) -> 5 | D4: =COUNTIFS(Tylko_dane!A$2:A$29,B4,Tylko_dane!B$2:B$29,1) -> 3 | E4: =D4/C4 -> 0.6 | F4: =E4/(1-E4) -> 1.5 | G4: =LN(F4) -> 0.40546511
A5: 4 | B5: 4 | C5: =COUNTIF(Tylko_dane!A$2:A$29,B5) -> 5 | D5: =COUNTIFS(Tylko_dane!A$2:A$29,B5,Tylko_dane!B$2:B$29,1) -> 4 | E5: =D5/C5 -> 0.8 | F5: =E5/(1-E5) -> 4 | G5: =LN(F5) -> 1.3862944
A6: 5 | B6: 5 | C6: =COUNTIF(Tylko_dane!A$2:A$29,B6) -> 6 | D6: =COUNTIFS(Tylko_dane!A$2:A$29,B6,Tylko_dane!B$2:B$29,1) -> 5 | E6: =D6/C6 -> 0.83333333 | F6: =E6/(1-E6) -> 5 | G6: =LN(F6) -> 1.6094379
B7: Suma= | C7: =SUM(C2:C6) -> 28 | D7: =SUM(D2:D6) -> 14 | E7: x | F7: x | G7: x
B10: Chcemy zbudować model, który pozwoli na oszacowanie prawdopodobieństwa p bycia w związku małżeńskim przez osobę na danym roku studiów
B17: X - zmienna oznaczająca rok studiów
H22: `
D25: 1 | E25: =B2 -> 1
D26: 1 | E26: =B3 -> 2
B27: X= | C27: = | D27: 1 | E27: =B4 -> 3
D28: 1 | E28: =B5 -> 4
D29: 1 | E29: =B6 -> 5
D32: =G2 -> -1.6094379
D33: =G3 -> -1.6094379
B34: L= | C34: = | D34: =G4 -> 0.40546511
D35: =G5 -> 1.3862944
D36: =G6 -> 1.6094379
C40: {=MMULT(MMULT(MINVERSE(MMULT(TRANSPOSE(D25:E29),D25:E29)),TRANSPOSE(D25:E29)),D32:D36)} -> -2.7935809
C41: 0.94334839
F48: Trochę inne wyniki niż w gretlu, bo (kolor żółty) ->
